{
    "accuracy": 0.8286194620253164,
    "loss": 0.5312747464904303
}