{
    "accuracy": 0.8318829113924051,
    "loss": 0.5347512764266774
}