{
    "accuracy": 0.8380142405063291,
    "loss": 2.3588363475437406
}