{
    "accuracy": 0.8332674050632911,
    "loss": 1.2372381068483185
}