{
    "accuracy": 0.8448378164556962,
    "loss": 1.2315017030208926
}