{
    "accuracy": 0.8170490506329114,
    "loss": 2.357058009014854
}