{
    "accuracy": 0.8265427215189873,
    "loss": 2.0027990356276306
}