{
    "accuracy": 0.7560324367088608,
    "loss": 2.399230588840533
}