{
    "accuracy": 0.8746044303797469,
    "loss": 0.42473052385487137
}