{
    "accuracy": 0.8682753164556962,
    "loss": 0.15262377035768726
}