{
    "accuracy": 0.11194620253164557,
    "loss": 2.960326329062257
}