{
    "accuracy": 0.10096914556962025,
    "loss": 3.029775047604042
}