{
    "accuracy": 0.8156645569620253,
    "loss": 2.355983755256556
}