{
    "accuracy": 0.8392009493670886,
    "loss": 2.0065523627438124
}